Latest Adoption Created...,Author,ISBN,Long Title
5/17/2019 10:01 am,"Durrell, M",9781138853713,Hammer's German Grammar and Usage
5/17/2019 10:01 am,"Christison, M",9780415662550,What English Language Teachers Need To Know Vol 3
5/17/2019 10:01 am,"Hutcheon, L",9780415539388,Theory Of Adaptation 2E
5/17/2019 10:01 am,"Nation, I S P",9780415806060,Language Curriculum Design
5/17/2019 9:01 am,Pien,9781626160224,Beginning Hindi A Complete Course
5/17/2019 9:01 am,"Dursteler, E",9781421400723,Renegade Women
5/17/2019 9:01 am,"Brustad, K",9781589016323,Alif Baa W/Cd 3E
5/17/2019 9:01 am,"Mundo, P",9780878407446,National Politics In A Global Economy
5/17/2019 9:01 am,"Seeman, E",9780801898556,Huron-Wednat Feast Of Dead
5/16/2019 5:01 pm,"Lee, P",9780824866365,An Anthology of Traditional Korean Literature
5/16/2019 5:01 pm,"Sohn, H",9780824826949,Korean Lang In Culture & Soc
5/16/2019 5:01 pm,"Holcombe, C",9780824824655,Genesis Of East Asia
5/16/2019 5:01 pm,"Park, M",9780824834500,Integrated Korean: Beg 1 Wkbk 2E
5/16/2019 5:01 pm,"Cho, Y",9780824834401,Integrated Korean: Beginning 2E
5/16/2019 4:01 pm,"Clawson, R",9781506323312,Public Opinion
5/16/2019 4:01 pm,"Jacobson, K",9781506358666,Logic of American Politics 8E
5/16/2019 4:01 pm,"Graber, D",9781506340234,Mass Media & American Politics
5/16/2019 4:01 pm,"Graham, B",9781506350585,America Owner's Manual 2E
5/16/2019 4:01 pm,"Hook, S",9781506321585,U.S. Foreign Policy: The Paradox Of World Power 5E
5/16/2019 4:01 pm,"Briggs, M",9781483356853,Journalism Next 3E
5/16/2019 4:01 pm,"Gottlieb, S",9781452226729,Debating Terrorism & Counterterrorism 2E
5/16/2019 4:01 pm,"Virgillo, C",9780073385372,Aproximaciones Al Estudio De La Lit Hispanica 7E
5/16/2019 4:01 pm,"Block, M",9781608714179,Writing Broadcast News Handbook 3E
5/16/2019 9:01 am,In A Lonely Place,9781681371474,In A Lonely Place
5/16/2019 9:01 am,"Eversole, R",9781138932807,Anthropology for Development
5/16/2019 9:01 am,"Crawford, T",9781621534884,Business and Legal Forms for Illustrators
5/16/2019 9:01 am,"Bickerton, I",9781138243736,History of the Arab-Israeli Conflict
5/16/2019 9:01 am,"Marks, L",9781848725461,Religion & Families
5/16/2019 9:01 am,"Rabiger, M",9780415719308,Directing The Documentary
5/16/2019 9:01 am,"Goldoni, C",9788804683063,La Locandiera (Mandadori)
5/16/2019 9:01 am,"Jones, O",9781466569997,Intro To Scientific Programming & Simulation Using R 2E
5/16/2019 9:01 am,"Brogini, P",9789606632167,Raccontare Il Novecento (Edilingua)
5/16/2019 9:01 am,"Lutrin, B",9780620325844,Afrikaans Handbook & Study Guide
5/16/2019 9:01 am,"Dante, A",9788842511625,Vita Nuova (Mursia)
5/16/2019 9:01 am,Am Psych Assoc,9780890425558,Diagnostic & Statistical Manual Mental Disorders 5E
5/16/2019 9:01 am,"Hinchliffe, I",9780415458009,Swedish : Essential Grammar 2E
5/16/2019 9:01 am,"Mochulsky, K",9780691012995,Dostoevsky His Life & Work (Minihan)
5/16/2019 9:01 am,"Frank, J",9780691155999,Dostoevsky: A Writer In His Time
5/16/2019 9:01 am,"Levi, P",9788806219352,Se Questo E Un Uomo La Tregua (Einaudi)
5/16/2019 9:01 am,"Sherwin, S",9780240808130,Scene Painting Projects For Theatre
5/16/2019 9:01 am,"Wilson, E",9780393330489,CREATION
5/16/2019 9:01 am,"Marin, T",9789607706287,La Prova Orale 1
5/16/2019 8:01 am,"Johnson, K",9781138905429,"Shoot, Edit, Share"
5/16/2019 8:01 am,"Haspelmath, M",9780340950012,Understanding Morphology 2E
5/16/2019 8:01 am,"Wray, A",9781444145366,Projects In Linguistics 3E
5/16/2019 8:01 am,"Weil, D",9780321795731,Economic Growth 3E
5/16/2019 8:00 am,"Schechner, R",9780415502313,Performance Studies 3E
5/15/2019 5:01 pm,"Kirch, P",9780520273306,A Shark Going Inland Is My Chief: The Island Civilization of Ancient Hawai'i
5/15/2019 5:01 pm,"Cook, D",9780520232655,History Of The American Cinema
5/15/2019 5:01 pm,"De Lery, J",9780520082748,History of a Voyage to the Land of Brazil
5/15/2019 5:01 pm,"Broude, N",9780520242524,Reclaiming Female Agency
5/15/2019 4:01 pm,"Pritner, C",9781478634676,Intro to Play Analysis 2E
5/15/2019 4:01 pm,"Cohn, T",9781138958746,Global Political Economy 7E
5/15/2019 4:01 pm,Wales,9781138239821,Complete Guide To Film & Digital Production Rev 3E
5/15/2019 4:01 pm,"Mackey, A",9781138808560,Second Language Research
5/15/2019 4:01 pm,"Damodaran, S",9781482208122,Fennema's Food Chemistry 5E
5/15/2019 4:01 pm,"Bernard, S",9780415843300,Documentary Storytelling 4E
5/15/2019 4:01 pm,"Lundquist, J",9781478613060,Demography: Study Of Human Population 4E
5/15/2019 4:01 pm,"Rabiger, M",9780240818450,Directing: Film Techniques & Aesthetics 5E
5/15/2019 4:01 pm,"Mitchell, K",9780415404396,DIRECTOR'S CRAFT
5/15/2019 4:01 pm,"Glebas, F",9780240810768,Directing The Story: Professional Storytellin
5/15/2019 4:01 pm,Gelman,9781439840955,Bayesian Data Analysis
5/15/2019 4:01 pm,"Stanislavski, C",9780878309832,An Actor Prepares
5/15/2019 4:01 pm,"Anderson, R",9781577664857,Beginning Piano Techniques
5/15/2019 4:01 pm,"Hackney, P",9789056995928,Making Connections
5/15/2019 4:01 pm,"Greetham, D C",9780815317913,Textual Scholarship
5/15/2019 4:01 pm,"Lagrega, M",9781577666936,Hazardous Waste Management 2E
5/15/2019 4:01 pm,"Ritter, D",9781577666691,Process Geomorphology 5E
5/15/2019 3:01 pm,"MARSH, C",9781138037120,STRATEGIC WRITING 4E
5/15/2019 3:01 pm,"Eller, J",9781138675797,Social Science and Historical Perspectives
5/15/2019 3:01 pm,"Hattie, J",9781138635524,10 Mindframes for Visible Learning
5/15/2019 3:01 pm,"Helgeson, V",9781138186873,Psychology Of Gender
5/15/2019 3:01 pm,"Wickham, H",9781466586963,Advanced R
5/15/2019 3:01 pm,"Cain, J",9780375414381,"The Postman Always Rings Twice, Double Indemnity, Mildred Pierce, and Selected Stories"
5/15/2019 3:01 pm,"Corson, R",9780205644544,Stage Makeup 10E
5/15/2019 3:01 pm,"MALANCZUK, P",9780415243568,AKEHURST'S MODERN INTRO TO INTERNATIONAL LAW 8E
5/15/2019 3:01 pm,"Block, B",9780240807799,Visual Story 2E
5/15/2019 3:01 pm,"Cordell, L",9781598746754,Archaeology Of Southwest 3E
5/15/2019 2:01 pm,"Wayment, T",9781944394677,The New Testament: A Translation for Latter-Day Saints
5/15/2019 2:01 pm,"Inouye, M",9781944394806,"Crossings: A Bald Asian American Latter-day Saint Woman Scholar's Ventures Through Life, Death, Cancer, and Motherhood"
5/15/2019 2:01 pm,"Slater, T",9781978189515,Investigating Astronomy
5/15/2019 2:01 pm,"Anderson, N",9781406920215,Added Upon
5/15/2019 2:01 pm,"Watts, A",9781577311805,"Eastern Wisdom, Modern Life: Collected Talks: 1960-1969"
5/15/2019 1:01 pm,"Wall, L",9781505474633,Navajo-English Dictionary
5/15/2019 1:01 pm,"Dorer, K",9781530276004,Sett I Gang
5/15/2019 12:01 pm,Taber,9780803659049,Taber's Cyclopedic Medical Dict Ind 23E
5/15/2019 12:01 pm,Handley,9781118905555,Everybody Writes
5/15/2019 12:01 pm,"O'donnell, M",9781502509468,Health Promotion In The Workplace 4E
5/15/2019 12:01 pm,"Starkey, C",9780803639195,Orthopedic Athletic Injury Exam Handbk 3E
5/15/2019 12:01 pm,"Starkey, C",9780803639188,Exam Of Ortho Athletic Injuries 4E
5/15/2019 12:01 pm,"Mangus, B",9780803611276,Pharmacology Application In Athletic Training
5/15/2019 11:01 am,Iclicker,9781498603058,Iclicker+
5/15/2019 11:01 am,"Glenville, C",9780993543128,What Clients Really Want
5/15/2019 11:01 am,"Foster, J",9781576754306,How To Get Ideas 2E
5/15/2019 10:01 am,"Hacker, D",9781319057442,A Writer's Reference 9E
5/15/2019 10:01 am,"Williams, J",9780134645551,Style 12E W/Pearsonwriter Access Pkg
5/15/2019 9:01 am,Pavlik,9780190646653,Converging Media
5/14/2019 5:01 pm,"King, G",9780691034713,Designing Social Inquiry: Scientific Inference in Qualitative Research
5/14/2019 4:01 pm,"Campbell, J",9780385418867,The Power of Myth
5/14/2019 4:01 pm,"Berry, W",9781582431413,Life is a Miracle
5/13/2019 4:01 pm,Rousseau,9780770436940,Storyboarding Essentials
5/13/2019 4:01 pm,"Alton, J",9780520275843,Painting With Light
5/13/2019 4:01 pm,Schaefer,9780520274662,Masters Of Light
5/13/2019 4:01 pm,"Zwerman, S",9780240825182,Ves Handbook Of Visual Effects 2E
5/13/2019 4:01 pm,Finance Charles L.,9780240812632,Visual Effects Producer
5/13/2019 4:01 pm,"Mccurdy, K",9780240814971,Shoot On Location
5/13/2019 4:01 pm,"Reisz, K",9780240521855,Technique Of Film Editing (Reissue) 2E
5/13/2019 4:01 pm,"Miller, P",9780240802947,Script Supervising & Film Continuity 3E
5/13/2019 2:01 pm,"Gill, L",9780240821467,Running The Show
5/13/2019 12:02 pm,"Fischer, L",9780813564357,Art Direction & Production Design
5/13/2019 12:02 pm,"Donaldson, M",9781935247128,Clearance & Copyright
5/13/2019 12:02 pm,Gordon,9781495076701,11 Contracts That Every Artist Songwriter & Producer Should Know
5/13/2019 12:02 pm,Cross,9780876391341,Audio Post Production
5/13/2019 12:02 pm,"Lanier, L",9781138803282,Compositing Visual Effects In After Effects
5/13/2019 12:02 pm,"Lanier, L",9781138668348,Advanced Visual Effects Compositing
5/13/2019 12:02 pm,"Lanier, L",9781138668287,Digital Compositing With Blackmagic Fusion
5/13/2019 12:02 pm,"Hart, E",9781138183674,Prop Building Guidebook
5/13/2019 12:02 pm,"Rose, J",9780415722070,Producing Great Sound For Film & Video
5/13/2019 12:02 pm,"Blakemore, T",9780415716093,Recording Voiceover
5/13/2019 12:02 pm,"Moylan, W",9780415842815,Understanding & Crafting The Mix
5/13/2019 12:02 pm,"Dowsett, P",9781138807372,Audio Production Tips
5/13/2019 12:02 pm,"Alburger, J",9780415736978,Art Of Voice Acting
5/13/2019 12:02 pm,Orlebar Jeremy,9780415604147,Television Handbook
5/13/2019 12:02 pm,"Owens, J",9781138841666,Television Production
5/13/2019 12:02 pm,"Muchnik, F",9781138123625,Strategic Producer
5/13/2019 12:02 pm,"Jackson, C",9781138777934,After Effects & Cinema 4D Lite
5/13/2019 12:02 pm,"Shaw, A",9781138812093,Design For Motion
5/13/2019 12:02 pm,"Davis, G",9781138200562,Makeup Artist Handbook
5/13/2019 12:02 pm,"Mcmills, A",9780415711210,Assistant Lighting Designers Toolkit
5/13/2019 12:02 pm,"Hullfish, S",9781138238664,Art Of The Cut
5/13/2019 12:02 pm,"Pearlman, K",9781138856516,Cutting Rhythms
5/13/2019 12:02 pm,"Bowen, C",9781138632202,Grammar Of The Edit
5/13/2019 12:02 pm,"Brown, B",9780415854115,Filmmakers Guide To Digital Imaging
5/13/2019 12:01 pm,"Dinur, E",9781138956223,The Filmmaker's Guide To Visual Effects
5/13/2019 12:01 pm,"Cury, I",9781138124998,Directing & Producing For Television
5/13/2019 12:01 pm,"Belli, M",9781138948471,Directors Tell The Story
5/13/2019 12:01 pm,"Irving, D",9780415732550,Producing & Directing The Short Film & Video
5/13/2019 12:01 pm,"Brown, B",9781138940925,Cinematography
5/13/2019 12:01 pm,"Bowen, C",9781138632226,Grammar Of The Shot
5/13/2019 12:01 pm,"Failes, I",9781138845961,Masters Of Fx
5/13/2019 12:01 pm,"Rizzo, M",9780415842792,Art Direction Handbook For Film & Television 2E
5/13/2019 12:01 pm,"Schell, H",9781138945340,Casting Revealed 2E
5/13/2019 12:01 pm,"Arundale, S",9780415747028,Modern Post
5/13/2019 12:01 pm,"Malloy, K",9781138021501,Art Of Theatrical Design
5/13/2019 12:01 pm,"Purcell, J",9780415828178,Dialogue Editing For Motion Pictures 2E
5/13/2019 12:01 pm,Theme Ament,9780415840859,Foley Grail 2E
5/13/2019 12:01 pm,"Miles, D",9781138018778,Location Audio Simplified
5/13/2019 12:01 pm,"Corbett, I",9780415823777,Mic It
5/13/2019 12:01 pm,"Rowlands, A",9780240516134,Continuity Supervisor 4E
5/13/2019 12:01 pm,"Uva, M",9780415842372,Grip Book 5E
5/13/2019 12:01 pm,Katz,9780240818962,Mastering Audio
5/13/2019 12:01 pm,Jackman,9780240812274,Lighting F0r Digital Video & Television
5/13/2019 12:01 pm,Hullfish Steve,9780240817156,Art & Technique Of Digital Color Correction
5/13/2019 12:01 pm,Hart Douglas C,9780240800424,Camera Assistant
5/13/2019 12:01 pm,"Elkins, D",9780240818689,Camera Assistants Manual 6E
5/13/2019 12:01 pm,Crowell,9780240813189,Pocket Lawyer For Filmmakers
5/13/2019 12:01 pm,Cole,9781879505803,Costuming For Film
5/13/2019 12:01 pm,Ballinger Alex,9781856693349,New Cinematographers
5/13/2019 12:01 pm,"Murch, W",9781879505629,In The Blink Of An Eye
5/13/2019 12:01 pm,Preston Ward,9781879505186,What An Art Director Does
5/13/2019 12:01 pm,"Yewdall, D",9780240812403,Practical Art Of Motion Picture Sound W/ Cd Only 4E
5/13/2019 12:01 pm,"Mercado, G",9780240812175,Filmmakers Eye
5/13/2019 12:01 pm,"Honthaner, E",9780240811505,Complete Film Production Handbook 4E W/ Cd Only
5/13/2019 12:01 pm,"Clark, B",9780240805061,Guide To Postproduction For Tv & Film 2E
5/13/2019 12:01 pm,"Rogers, P",9780240803098,Contemporary Cinematographers On Their Art (Pod)
5/13/2019 12:01 pm,"Musgrove, J",9780240516608,Makeup Hair & Costume For Film & Television
5/13/2019 12:01 pm,"Millerson, G",9780240515823,Lighting For Television & Film 3E
5/13/2019 11:02 am,"Hanke, J",9781615932504,Green Screen Made Easy
5/13/2019 11:02 am,"Cristiano, G",9781615930838,Storyboard Artist
5/13/2019 11:02 am,Barnwell,9781472580672,Production Design For Screen
5/13/2019 11:02 am,"Ryan, M",9781615932665,Producer To Producer
5/13/2019 11:02 am,"Dean, C",9781615930913,Art Of Film Funding 2E
5/13/2019 11:02 am,Avarese,9781501327476,Post Sound Design
5/13/2019 11:02 am,"Bays, M",9781615931699,Between The Scenes
5/13/2019 11:02 am,"Douglas, P",9781615932146,Future Of Television
5/13/2019 11:02 am,"Bartesaghi, S",9781615932344,Directors Six Senses
5/13/2019 11:02 am,"Kenworthy, C",9781615931545,Master Shots Vol 3
5/13/2019 11:02 am,"Jew, A",9780240817705,Professional Storyboarding
5/13/2019 11:01 am,"Cybulski, M",9780240814896,Beyond Continuity
5/13/2019 11:01 am,"Owens, J",9781138693494,Video Production Handbook
5/13/2019 11:01 am,"Grove, E",9780240522180,Lo-To-No Budget Filmmaking
5/13/2019 11:01 am,"Macnab, G",9780240823744,Filmcraft
5/13/2019 11:01 am,"Stevens, A",9781138121041,Producing For Profit
5/13/2019 11:01 am,"Mcquilkin, K",9781138018624,Cinema 4D Apprentice
5/13/2019 11:01 am,"Ramey, K",9780240823966,Experimental Filmmaking
5/13/2019 11:01 am,"Rogers, P",9780240803685,More Contemporary Cinematographers On Their Art
5/13/2019 11:01 am,"Vaynerchuk, G",9780062273062,Jab Jab Jab Right Hook
5/13/2019 11:01 am,"Shi, D",9780393265989,America : Narrative Hist Brief Vol 2 + Access
5/13/2019 11:01 am,"Landis, D",9780240818665,Costume Design
5/13/2019 11:01 am,"Viers, R",9781615931200,Location Sound Bible
5/13/2019 11:01 am,Viers,9781932907483,Sound Effects Bible
5/13/2019 11:01 am,Vansijll,9781932907056,Cinematic Storytelling
5/13/2019 11:01 am,Sonnenschein,9780941188265,Sound Design
5/13/2019 11:01 am,Sayood,9780124157965,Introduction To Data Compression
5/13/2019 11:01 am,Rose Jay,9780240809717,Audio Postproduction For Film & Video
5/13/2019 11:01 am,"Perkins, C",9780240818986,After Effects Illusionist
5/13/2019 11:01 am,Patz,9781932907773,Film Production Management 101 Rev
5/13/2019 11:01 am,Parks Stacey,9780240817552,Insiders Guide To Independent Film Distribution
5/13/2019 11:01 am,Lee John J Jr,9780240814636,Producers Business Handbook
5/13/2019 11:01 am,Lamotte,9781932907698,Costume Design 101
5/13/2019 11:01 am,Kenworthy,9781615930555,Master Shots Vol 2
5/13/2019 11:01 am,"Kenworthy, C",9781615930876,Master Shots: 100 Advanced Camera Techniques...
5/13/2019 11:01 am,Katz Steven D.,9780941188906,Film Directing Cinematic Motion
5/13/2019 11:01 am,Frost,9781932907551,Cinematography For Directors
5/13/2019 11:01 am,ERDRICH,9780061536083,RED CONVERTIBLE (P)
5/13/2019 11:01 am,Crutcher Chris,9780060094898,Staying Fat For Sarah Byrnes
5/13/2019 11:01 am,Chandler,9781932907629,Film Editing
5/13/2019 11:01 am,Chandler,9781615930906,Cut By Cut
5/13/2019 11:01 am,Armstrong,9780061155772,Muhammad: Prophet For Our Time
5/13/2019 11:01 am,"Wheelock, F",9780061997228,Wheelock's Latin 7E Revised
5/13/2019 11:01 am,"Friedman, J",9781932907889,Getting It Done
5/13/2019 11:01 am,"Hillerbrand, H",9780061148477,Protestant Reformation
5/9/2019 4:02 pm,"Hockenberry, M",9780323549394,Wong's Nursing Care Infants and Children 11e
5/9/2019 4:02 pm,Moore,9781319242732,The Basic Practice of Statistics LL w/sapling
5/9/2019 4:01 pm,"Nichols, B",9780253026859,Intro To Documentary 3E
5/9/2019 4:01 pm,"Davis, G",9781138815148,Hair Stylist Handbook
5/9/2019 4:01 pm,"James, J",9780240811246,Fix It In Post
5/9/2019 4:01 pm,"Dancyger, K",9781138628403,Technique Of Film & Video Editing
5/9/2019 4:01 pm,"Wickham, H",9781491910399,R For Data Science
5/9/2019 4:01 pm,"Martinez, D",9780812220551,Washington Internships: How To Get Them & Use Them
5/9/2019 4:01 pm,Landry Paula,9780240816647,Scheduling & Budgeting Your Film
5/9/2019 4:01 pm,"Kellison, C",9780240818979,Producing For Tv & New Media
5/9/2019 4:01 pm,"Jimenez, F",9780826317971,Circuit: Stories From The Life Of A Migrant C
5/9/2019 4:01 pm,Hullfish Steve,9780240810782,Color Correction For Video
5/9/2019 4:01 pm,"Delwiche, L",9781612903439,Little Sas Book: A Primer 5E
5/9/2019 4:01 pm,Debreceni,9780240816968,Special Makeup Effects For Stage & Screen
5/9/2019 4:01 pm,BURCH,9780814798942,SIGNS OF RESISTANCE
5/9/2019 4:01 pm,"Adichie, C",9781616202415,Purple Hibiscus
5/9/2019 4:01 pm,D'ambrogio,9780815100966,Positional Release Therapy
5/9/2019 4:01 pm,"Nelson, A",9780804820363,New Nelson Japan Engl Character Dict Rev 3E
5/9/2019 4:01 pm,"Watson, M",9781405170536,Defining Visions : Tv & Amer Exper In 20Th Cent 2E
5/9/2019 4:01 pm,"Szucs, L*",9781593312770,Source : Guidebook American Genealogy 3E
5/9/2019 3:01 pm,"Strayer, R",9781319109752,Ways of World Sources 4e V1
5/9/2019 3:01 pm,"Lundy-Ekman, L",9780323478410,Neuroscience Fundamentals for Rehab
5/9/2019 3:01 pm,"Walker, M",9781501144325,Why We Sleep
5/9/2019 3:01 pm,"Lowdermilk, D",9780323169189,Maternity Women's Health Care 11E
5/9/2019 3:01 pm,Lobrutto,9781581152241,Filmmakers Gdeto Production Design
5/9/2019 3:01 pm,Lds Scriptures,9786710511647,Die Boek Van Mormon - Afrikaans Bom 34407501
5/9/2019 3:01 pm,"Shusterman, N",9781416912057,Unwind
5/9/2019 3:01 pm,"Ebrey, P",9780029087527,Chinese Civilization : Sourcebook 2E
5/9/2019 3:01 pm,Church,9786710510541,Teachings Of The Living Prophets 32495
5/9/2019 3:01 pm,"Kurtz, H",9780743299824,Reality Show
5/9/2019 3:01 pm,"Malkiewicz, K",9781439169063,Film Lighting Revised & Upgraded
5/9/2019 3:01 pm,"Stigler, J",9781439143131,Teaching Gap
5/9/2019 3:01 pm,"Tharp, T",9780743235273,The Creative Habit: Learn It And Use It For Life
5/9/2019 2:02 pm,Church,9786162520006,Mini Preach My Gospel (2018) 16252000
5/9/2019 2:02 pm,Church,9786162290008,Preach My Gospel (2018) 16229000
5/9/2019 2:01 pm,Church,9786710514587,Saints V1 (14582000)
5/9/2019 2:01 pm,"Leonard, P",9780323427944,Building A Medical Vocabulary 10E
5/9/2019 2:01 pm,"Koeppen, B",9780323393942,Berne & Levy Physiology 7E Rev W/ Student Consult Access
5/9/2019 2:01 pm,"Reynolds, J",9780199915125,Sovereignty & Struggle
5/9/2019 2:01 pm,"Mahan, K",9780323340755,Krause's Food & Nutrition Care Process 14E
5/9/2019 2:01 pm,Church,9786710513115,Gospel Principles 06195
5/9/2019 2:01 pm,Meinig,9780195025361,Interpretation Of Ordinary Landscapes
5/9/2019 2:01 pm,Church,9786710512224,Church History In Fulness Of Times 32502
5/9/2019 2:01 pm,Church,9786710511005,Our Heritage : Brief History Of The Church 35448
5/9/2019 2:01 pm,"White, T",9780123741349,Human Osteology 3E
5/9/2019 2:01 pm,Church,9786710510404,Doctrine & Covenants Student Manual 2E 32493
5/9/2019 2:01 pm,"Nowell-Smith, G",9780198742425,Oxford History Of World Cinema
5/9/2019 2:01 pm,"Suggs, M",9780195290004,Oxford English Study Bible W/ Apocrypha
5/9/2019 2:01 pm,"Schulzinger, R",9780195320497,U.S. Diplomacy Since 1900 6E
5/9/2019 2:01 pm,"De Luliis, G",9780123750600,Dissection Of Vertebrates 2E
5/9/2019 2:01 pm,HESIOD,9780199538317,THEOGONY AND WORKS AND DAYS
5/9/2019 2:01 pm,"Coogan, M",9780195139372,Oxford History Of The Biblical World
5/9/2019 2:01 pm,Ovid,9780199537372,Metamorphoses (Melville)
5/9/2019 2:01 pm,Church,9786710517106,Book Of Mormon Student Manual 32506000
5/9/2019 2:01 pm,"Gaddis, J",9780195171570,Landscape Of History
5/9/2019 1:01 pm,Laumann,9780190647520,Colonial Africa 2e
5/9/2019 1:01 pm,"Gilbert, S",9781605354705,Developmental Biology 11E
5/9/2019 1:01 pm,"Maurizio, L",9780199782833,Classical Mythology In Context
5/9/2019 1:01 pm,"Morillo, S",9780199987801,Frameworks Of World History Vol 1
5/9/2019 1:01 pm,"Mandeville, J",9780199600601,Book Of Marvels & Travels
5/9/2019 1:01 pm,"*Bozzone, D",9780195381986,Biology For The Informed Citizen
5/9/2019 1:01 pm,"Getz, T",9780199764709,Cosmopolitan Africa
5/9/2019 1:01 pm,"Aufderheide, P",9780195182705,Documentary Film: Very Short Intro
5/9/2019 1:01 pm,"Morales, H",9780192804761,Classical Mythology: Very Short Intro
5/9/2019 1:01 pm,"Coghill, A",9780841239999,Acs Style Guide 3E
5/9/2019 1:00 pm,"Tygiel, J",9780195339284,Baseballs Great Experiment 25Th Anniv Ed
5/9/2019 12:01 pm,"Semmingsen, I",9780816610006,Norway To America
5/9/2019 12:01 pm,"Mondloch, J",9781607325307,Basic K'ichee' Grammar Rev'd & Upd'd
5/9/2019 12:01 pm,VANCLEVE,9781563680878,DEAF HISTORY UNVEILED (P)
5/9/2019 12:01 pm,"Gaventa, J",9780252009853,Power & Powerlessness
5/9/2019 12:01 pm,"Kuhn, T",9780226458120,Structure Of Sci Revolution 50Th Anniv Ed
5/9/2019 12:01 pm,Aristotle,9780226026756,Aristotle's Nicomachean Ethics (Bartlett)
5/9/2019 12:01 pm,"Kern, J",9780226431789,Sound Reporting
5/9/2019 12:01 pm,"Willey, G",9780817310882,Method & Theory In American Archaeology
5/9/2019 12:00 pm,"Van Buren, R",9780874218244,Woody Plants Of Utah: A Field Guide W/Id
5/9/2019 12:00 pm,GODFREY-SMITH,9780226300634,THEORY & REALITY
5/7/2019 5:02 pm,"Mckinley, M",9781259285271,Human Anatomy 5E (Looseleaf)
5/7/2019 5:02 pm,"Santrock, J",9781259765490,Ebook Life Span Development 16E
5/7/2019 5:01 pm,"Bentley, J",9781259277283,Traditions & Encounters 1500-Present Vol 2 4E
5/7/2019 5:01 pm,"Santrock, J",9781259550904,Life Span Development 16E (3-Hole)
5/7/2019 5:01 pm,"Bordwell, D",9781259534959,Film Art 11E
5/7/2019 5:01 pm,"STEINBERG, L",9781259567827,ADOLESCENCE 11E
5/7/2019 5:01 pm,"Beer, F",9780077687342,Vector Mechanics For Engineers: Dynamics
5/7/2019 5:01 pm,"Byrd-Bredbenner, C",9780078021411,Wardlaw's Perspectives In Nutrition 10E (Text Only)
5/7/2019 5:01 pm,"Morgan, G",9780071816502,Advanced Genealogy Research Techniques
5/7/2019 5:01 pm,"Olson, D",9781259438844,Ebook Marriages & Families Connect Access Code Only
5/7/2019 5:01 pm,"Powers, S",9780073523538,Exercise Physiology 9E
5/7/2019 5:01 pm,"Olson, D",9780078026928,Marriages & Families 8E
5/7/2019 5:01 pm,"Prentice, W",9780078022647,Prin Of Athletic Training 15E
5/7/2019 5:01 pm,"Harrower, T",9780073526171,Inside Reporting 3E
5/7/2019 5:01 pm,"Sawyer, C",9780072480665,Chem For Environmental Eng 5E
5/7/2019 5:01 pm,"Harris, C",9780070170278,Time Saver Stds - Landscape Architecture 2E
5/7/2019 5:01 pm,"Hunsberger, D",9780070313262,Art Of Conducting 2E
5/7/2019 5:01 pm,"Beah, I",9780374531263,Long Way Gone
5/7/2019 5:01 pm,"Tolan, S",9781596913431,Lemon Tree
5/7/2019 5:01 pm,"Gillette, J",9780073382227,Theatrical Design & Production 7E
5/7/2019 5:01 pm,"Davidson, J",9780077292690,After The Fact Vol 2 6E
5/7/2019 4:01 pm,"Fuentes, C",9786073144704,El Espejo Enterrado
5/7/2019 4:01 pm,"Cormier, R",9780440227694,Heroes
5/7/2019 4:01 pm,"Cormier, R",9780440208358,After The First Death
5/7/2019 4:01 pm,"Cormier, R",9780375840395,I Am The Cheese (30Th Anniv Ed)
5/7/2019 4:01 pm,"Ondaatje, M",9780375709821,Conversations
5/7/2019 4:01 pm,"Taylor, M",9780142401125,Roll Of Thunder Hear My Cry
5/7/2019 4:01 pm,"Cormier, R",9780375829871,Chocolate War
5/7/2019 4:01 pm,"Smith, Z",9780375703867,White Teeth
5/7/2019 4:01 pm,"Pollan, M",9780143038580,Omnivore's Dilemma
5/7/2019 4:01 pm,"Armstrong, J",9780375810497,Shipwreck At The Bottom Of The World
5/7/2019 4:01 pm,"Cormier, R",9780440229711,Rag & Bone Shop
5/7/2019 4:01 pm,Aeschylus,9780140443332,Oresteia (Fagles)
5/7/2019 4:01 pm,"Shubin, N",9780307277459,Your Inner Fish
5/7/2019 3:01 pm,"Daniels, R",9780809053445,GUARDING THE GOLDEN DOOR (P)
5/7/2019 2:01 pm,"Friedman, T",9781250034410,From Beirut To Jerusalem
5/7/2019 2:01 pm,"Mackendrick, A",9780571211258,On Film Making
5/7/2019 1:01 pm,"Drew, L",9781472922892,"I, Mammal"
5/7/2019 1:01 pm,"Friel, B",9780571117420,Translations: A Play
5/7/2019 12:01 pm,"Edwards, R",9781319060565,American History v1 9e
5/7/2019 12:01 pm,"Wiesner-Hanks, M",9781319070144,History of World Societies V2 11e
5/7/2019 12:01 pm,"Myers, D",9781319050627,Psychology 12E
5/7/2019 12:01 pm,Landau,9781628926927,Lighting For Cinematography
5/7/2019 12:01 pm,"Pierce, B",9781464199516,Genetics 5E Custom Byu
5/7/2019 12:01 pm,Kidd Thomas S,9780312452254,Great Awakening: A Brief History With Documen
5/7/2019 12:01 pm,"Shurtleff, M",9780802772404,Audition: Everything Actor Needs Know
5/7/2019 11:01 am,"Boyle, M",9781337046350,Community Nutrition In Action - Byu 3-Hole
5/7/2019 11:01 am,"Calloway, C",9781457696244,First Peoples 5E
5/7/2019 11:01 am,"Hacker, D",9781319011130,Pocket Style Manual Apa 7E
5/7/2019 11:01 am,"Vanvoorst, R",9781285197425,Readings In Christianity
5/7/2019 11:01 am,"O'neill, R",9781285734828,Functional Assessment Prog Dev Problem Behavior 3E
5/7/2019 11:01 am,Heiman,9781285195582,Aplia + ebook Basic Stats Behavioral Sci 7e
5/7/2019 11:01 am,Rychman,9781111834517,Theories fo Personality 10e
5/7/2019 11:01 am,"Celce-Murcia, M",9781111351694,Teaching English As Second Or Foreign Lang 4E
5/7/2019 11:01 am,"Rice, P",9780340761915,Modern Literary Theory 4E
5/7/2019 11:01 am,"Lohr, S",9780495105275,Sampling 2E
5/7/2019 11:01 am,"Serway, R",9781285915104,Physics For Sci & Eng 9E Vol 3 (Custom)
5/7/2019 11:01 am,"Ayckbourn, A",9780230614888,Crafty Art Of Playmaking (Pod)
5/7/2019 11:01 am,"Lee, M",9780700398737,PACKET Fundamentals of Analytical Separations
5/7/2019 11:01 am,"Casella, G",9780534243128,Statistical Inference 2E
5/7/2019 11:01 am,"Ramsey, F",9781133490678,Statistical Sleuth 3E
5/7/2019 10:02 am,"Andreason, T",9780700303687,PACKET JAPAN 311R Course Materials
5/7/2019 10:01 am,"Kesselman, M",9781337686204,Introduction to Comparative Politics MindTap
5/7/2019 10:01 am,"Maisto,S",9781337408974,Drug Use & Abuse 8E
5/7/2019 10:01 am,"HERGENHAHN, B",9781337564151,INTRO TO HISTORY OF PSYCHOLOGY 8E
5/7/2019 10:01 am,Howell,9781305652972,Fundamental Statistics for the Behavioral Sciences 9e
5/7/2019 10:01 am,"Larsen-Freeman, D",9781111351861,Grammar Book 3E
5/7/2019 10:01 am,"Bennion, L",9780700302710,PACKET STDEV 109 Readings
5/7/2019 10:01 am,Ahrens,9781305628458,Essen Of Meteorology
5/7/2019 10:01 am,"Kleiner, F",9781305633940,Gardner's Art Thru Ages Western Vol 1
5/7/2019 10:01 am,"GERE, J",9781337093347,MECHANICS OF MATERIALS 9E
5/7/2019 10:01 am,Andrea,9781285870243,Human Record Since 1500 Vol 2 8E
5/7/2019 10:01 am,"Poole, D",9781337441056,Linear Algebra 4E (Custom Byu) 3-Hole
5/7/2019 10:01 am,"Cunningham, L",9781285148809,Ebook Culture & Values Byu Custom
5/7/2019 10:01 am,"Nelms, M",9781305628663,Medical Nutrition Therapy 5E
5/7/2019 10:01 am,"Kleiner, F",9781305577800,Gardners Art Through The Ages 4E
5/7/2019 10:01 am,"Wiesner, M",9781111341428,Discovering The Global Past Vol 1 4E
5/7/2019 10:01 am,"Adcock, D",9780700375110,PACKET Food Preparation in the Home
5/7/2019 10:01 am,"Weaver, M",9780495097266,Intro To Christianity 4E
5/7/2019 10:01 am,"Currin, T",9781111578619,Introduction Traffic Engineering 2E
5/7/2019 10:01 am,"Sipser, M",9781133187790,Intro To Theory Of Computation 3E
5/7/2019 10:01 am,"Blotter, J",9780700396658,PACKET ME EN 372 - Machine Design
5/7/2019 10:01 am,"Watabe, M",9780700377008,PACKET Toward Better Japanese (Full Version)
5/7/2019 9:01 am,"Anderson, B",9780700388585,PACKET IS 551 Harvard Readings (w/ Electronic Access Code)
5/7/2019 9:01 am,"Brown, T",9780700370375,PACKET RUSS 492R Course Readings
5/7/2019 9:01 am,"Dudley, W",9780700395828,PACKET Excerpt from Native Americans : Opposing Viewpoints
5/6/2019 5:03 pm,"Punt, J",9781464189784,Kuby Immunology 8E
5/6/2019 5:03 pm,Moore,9781319241407,Sapling+ for Basic Pract of Stats 6mo access+ML Flyer
5/6/2019 5:02 pm,"Edwards, R",9781319060619,America's History
5/6/2019 5:02 pm,"Rampola, M",9781319113025,Pocket Guide Writing History 9e
5/6/2019 5:02 pm,"Nelson, D",9781319108328,Lehninger Prin.Of Biochemistry 7E W/Sapling Accss
5/6/2019 5:01 pm,"Sharma, M",9781284104943,Theoretical Founds Hlth Ed & Hlth Promo W/Access 3E
5/6/2019 5:01 pm,"Stein, S",9780312254216,Stein On Writing
5/6/2019 5:01 pm,"Tirard, L",9780571211029,Moviemakers Master Class
5/6/2019 5:01 pm,Johnson,9780312564131,Reading American Past Vol 1 To 1877 5E
5/6/2019 5:01 pm,"Thompson, D",9780230620599,$12 Million Stuffed Shark
5/6/2019 5:01 pm,"Semenza, G",9780230100336,Graduate Study 21St Century 2E
5/6/2019 5:01 pm,"Morris, I",9780312611699,Why West Rules
5/6/2019 5:01 pm,"Evert, R",9781429219617,Raven Biology Of Plants 8E
5/6/2019 5:01 pm,"Kohl, J",9781599946573,Global English Style Guide
5/6/2019 4:01 pm,SAS Institute,9781635269949,SAS Cert Prep Guide: Base Programming SAS9 5e
5/6/2019 4:01 pm,"Stelson, C",9781467789035,Sachiko: A Nagasaki Bomb's Survivor Story
5/6/2019 4:01 pm,"Hoiland, A",9780842529921,100 Birds Taught Me To Fly
5/6/2019 4:01 pm,Rosenfelder,9780984470006,Language Construction Kit
5/6/2019 4:01 pm,"Meyerink, K",9780971670570,Becoming An Excellent Genealogist
5/6/2019 4:01 pm,"Kempis, T",9781456497088,Imitation Of Christ
5/6/2019 4:01 pm,"Williams, J",9780321953308,Style: Basics Of Clarity & Grace 5E
5/6/2019 4:01 pm,"Douglas, P",9781615930586,Writing The Tv Drama Series 3E
5/6/2019 4:01 pm,"Morena, A",9781428262744,Da Capo 7E
5/6/2019 4:01 pm,"Dangarembga, T",9780954702335,Nervous Conditions
5/6/2019 4:01 pm,"Morena, A",9781111292096,Da Capo Bundle 7E
5/6/2019 4:01 pm,"Kelly, A",9780520061248,The German Worker
5/3/2019 3:01 pm,College Of Humanities,9780700300501,PACKET Internship Preparation Workbook
5/3/2019 2:01 pm,"Baugh, D",9780700302499,PACKET SFL 387 Full Color Powerpoints (Optional)
5/3/2019 2:01 pm,"Larson, M",9780700378333,PACKET ACC 200 Lesson Notes
5/3/2019 2:01 pm,"Baugh, D",9780700334872,PACKET SFL 387 Patterns
5/2/2019 5:01 pm,"Mankiw, G",9781337607612,Principles of Economics 8E Loose-leaf + MindTap Access Card
5/2/2019 5:01 pm,"Clemons, S",9781631265044,Interior Design
5/2/2019 5:01 pm,"Rifkin, B",9781626164178,Panorama: Intermediate Russian Language And Culture
5/2/2019 5:01 pm,"Robinson, T",9781680753776,Intro To Great Advertising Insights Strategy... Access Code
5/2/2019 5:01 pm,"Basso, K",9780826317247,Wisdom Sits In Places
5/2/2019 5:01 pm,"Brustad, K",9781589017368,Al-Kitaab Fii Txtbk For Beg Arabic Pt 1 W/Cd 3E
5/2/2019 5:01 pm,"Rising, M",9781440311932,Family Tree Problem Solver
5/2/2019 4:00 pm,"Gerring, J",9780521710152,A Centripetal Theory of Democratic Governance
5/2/2019 3:01 pm,"Merzbacher, E",9780471887027,Quantum Mechanics 3E
5/2/2019 3:01 pm,"Holcombe, P",9780521731645,History Of East Asia
5/2/2019 3:01 pm,"KNOPPERS, L",9780521712422,CAMBRIDGE COMP EARLY MODERN WOMENS WRITING
5/2/2019 2:01 pm,"Leskovec, J",9781107077232,Mining Of Massive Datasets 2E
5/2/2019 2:01 pm,"Socolow, S",9780521148825,Women Of Colonial Latin America 2E
5/2/2019 2:00 pm,"Stahl, S",9781107686465,Stahl's Essential Psychopharmacology (P)
5/2/2019 2:00 pm,"Rosenstiel, T",9780521691543,We Interrupt This Newscast
5/2/2019 2:00 pm,"Trigger, B",9780521600491,History Of Archaeological Thought 2E
5/2/2019 2:00 pm,"Payne, T",9780521671507,Exploring Language Structure
5/2/2019 1:01 pm,"Neelands, J",9781107530164,Structuring Drama Work 3E
5/2/2019 1:01 pm,"Zelman, W",9781118466568,Financial Management of Health Care Org
5/2/2019 1:01 pm,Lissauer,9780521618557,Fundamental Planetary Science
5/2/2019 1:01 pm,Matlin,9781118983287,Cognition 9E (LL)
5/2/2019 1:01 pm,"Yule, G",9781316606759,Study Of Language (Rev)
5/2/2019 1:01 pm,Lorge Peter Allan,9780521878814,Chinese Martial Arts: From Antiquity To The T
5/2/2019 1:01 pm,"Nadeau, R",9781118471968,Asian Religions
5/2/2019 1:01 pm,"Mccormac, J",9781118879108,Design Of Reinforced Concrete 10E
5/2/2019 1:01 pm,Silverstein,9780470616376,Spectrometric Id Of Org Compounds 8E
5/2/2019 1:01 pm,"Merris, R",9780471389255,Graph Theory (Pod)
5/2/2019 1:01 pm,"Pollitt, J",9780521273657,Art Of Rome
5/2/2019 1:01 pm,"Carsten, J",9780521665704,After Kinship
5/2/2019 1:01 pm,"James, G",9780521003926,Representations & Characters Of Groups 2E
5/2/2019 1:01 pm,"Crystal, D",9780521736503,Cambridge Encyclopedia Of Language 3E
5/2/2019 1:01 pm,"Steel, T",9780471189626,Truth Lies & Advertising
5/2/2019 1:01 pm,"Popkin, J",9781405198219,Concise History Haitian Revolution
5/2/2019 1:01 pm,"Moore, J",9780521878586,Building Scientific Apparatus 4E
5/2/2019 1:01 pm,"Young, D",9780470596791,Brief Intro To Fluid Mechanics 5E
5/2/2019 1:01 pm,Salas,9780470560341,Eng & Sci Math 1 W/Wiley Plus 10E (Custom Byu)
5/2/2019 1:00 pm,"Ebrey, P",9780521124331,Cambridge Illustrated Hist Of China 2E
5/2/2019 1:00 pm,"Nicolaou, K C",9783527292318,Classics In Total Synthesis
5/2/2019 1:00 pm,"Smolensky, P",9781405119337,Optimality Theory: Constraint Interaction (Pod)
5/2/2019 1:00 pm,"Rencher, A",9780470178966,Methods Of Multivariate Analysis 3E
5/2/2019 12:01 pm,"Greenhalgh, T",9781118800966,How to Read a Paper
5/2/2019 12:01 pm,"Kuehni, R",9781118173848,Color 3E
5/2/2019 12:01 pm,"Boyce, W",9781119447399,Elem Diff Equations BVP (LL) PKG 11e MATH 303
5/2/2019 12:01 pm,Christians,9781119204633,Fund Of Turfgrass Management
5/2/2019 12:01 pm,"GERHART, P",9781119080701,Fundamentals of Fluid Mech 3-H 8E
5/2/2019 12:01 pm,"Jacob, S",9781119157069,Ethics and Law for School Psychologists 7e
5/2/2019 12:01 pm,"Kelleher, T",9781118858103,Common Sense Construction Law 5e
5/2/2019 12:01 pm,"Lemov, D",9781118901854,Teach Like A Champion 2.0 W/Dvd 2E
5/2/2019 12:01 pm,"Martland, C",9780470448762,Toward More Sustainable Infrastructure
5/2/2019 12:01 pm,"Beins, B",9780470672440,Effective Writing In Psychology 2E
5/2/2019 12:01 pm,"Aitchison, J",9780470656471,Words In The Mind
5/2/2019 12:01 pm,"Macdonald, S",9781405108393,Companion To Museum Studies
5/2/2019 12:01 pm,"Kinsler, L",9780471847892,Fundamentals Of Acoustics 4E
5/2/2019 12:01 pm,"Dummit, D",9780471433347,Abstract Algebra 3E
5/2/2019 12:01 pm,"Cobb, G",9780470412169,Intro To Design & Analysis Of Experiments
5/2/2019 9:00 am,"Gibaldi, J",9781603292627,Mla Hdbk Writers Of Research Papers 8E
5/1/2019 6:01 pm,"Bendroth, M",9780802868978,Spiritual Practice of Remembering
5/1/2019 6:01 pm,Univ of Chicago Press Staff,9780226287058,Chicago Manual of Style 17E
5/1/2019 6:01 pm,Whitman,9780486414102,Song Of Myself
5/1/2019 6:01 pm,Nelms Henning,9780486231532,Scene Design
5/1/2019 6:01 pm,"Wilde, O",9780486278070,Picture Of Dorian Gray
5/1/2019 6:01 pm,"Beum, R",9780486449678,Prosody Handbook: Guide To Poetic Form
5/1/2019 6:01 pm,"Green, J",9780486448138,Horse Anatomy
5/1/2019 6:01 pm,Keats,9780486268712,Lyric Poems
5/1/2019 4:01 pm,"Striphas, T",9780231148153,The Late Age of Print
5/1/2019 4:01 pm,"Holmes, M",9780801034688,Apostolic Fathers 3E
5/1/2019 4:01 pm,"Ryskamp, G",9781593313074,Finding Your Mexican Ancestors
5/1/2019 3:01 pm,"Pettid, M",9780231165815,Premodern Korean Literary Prose
5/1/2019 3:01 pm,"Castle, B",9781943446735,MC110-Media Comp Fund II
5/1/2019 3:01 pm,"Castle, B",9781943446711,MC101-Media Comp Fund
5/1/2019 3:01 pm,"Hollmann, T",9780231161862,The Land of the Five Flavors
5/1/2019 3:01 pm,"Christensen, E",9780873898652,Certified Quality Process Analyst Handbook 2E
5/1/2019 3:01 pm,"Fitzpatrick, P",9780821847916,Advanced Calculus 2E
5/1/2019 3:01 pm,Atp Staff,9780826993632,Mechanical & Elec Systems For Construction Mgrs 3E
5/1/2019 3:01 pm,"Evans, L",9780821849743,Partial Differential Equations 3E
5/1/2019 2:01 pm,Sandrock,9781942544531,Keys To Assessing Language Performance (Actfl) 2E
5/1/2019 2:01 pm,"Hudson, V",9780231131834,Sex & World Peace
5/1/2019 1:01 pm,Silverthorn,9780134605197,Human Physiology
5/1/2019 1:01 pm,Hibbeler,9780134610672,Structural Analysis 10E
5/1/2019 1:01 pm,Gress,9780321984388,Digital Visual Effects & Compositing
5/1/2019 1:01 pm,"Kearl, J",9781323301685,Economics & Public Policy 6E W/Myeconlab Rev
5/1/2019 1:01 pm,"Pramaggiore, M",9781323159774,Film: Critical Intro + Thinking About Film Pkg
5/1/2019 1:01 pm,"Rothschild, H",9780321394262,Wu Zhao: Chinas Only Woman Emperor
5/1/2019 1:01 pm,"Kendon, A",9780521542937,Gesture: Visible Action as Utterance
5/1/2019 1:01 pm,"Katz, V",9780321161932,History Of Mathematics Brief Edition
5/1/2019 1:01 pm,"Ramage, N",9780136000976,Roman Art 5E
5/1/2019 12:01 pm,"Brady, N",9780133254594,Elements of Nature and Prop of Soils 4E
5/1/2019 12:01 pm,"Timberlake, K",9780134813035,E-book Gen Org Bio Chem 6E w/MasteringChem
5/1/2019 12:01 pm,"MUNKRES, J",9780134689517,TOPOLOGY 2E Classic Version
5/1/2019 12:01 pm,"Labensky, S",9780134441900,On Cooking
5/1/2019 12:01 pm,Vanhurkman,9780321929662,Color Correction Handbook
5/1/2019 12:01 pm,"Phillips, B",9780134706054,Android Programming:Big Nerd Ranch Gde. 3E
5/1/2019 12:01 pm,"Venn, J",9780133397529,Ebook Assess Students W/Spec Needs 5E
5/1/2019 12:01 pm,"Sayre, H",9780205973132,Humanities Vol 1 3E
5/1/2019 12:01 pm,"Swimme, B",9780300209433,Journey of the Universe
5/1/2019 12:01 pm,"Mcdonald, R",9780321543080,Derivatives Markets
5/1/2019 12:01 pm,"Goldfield, D",9780205960965,American Journey Vol 1 7E To 1877
5/1/2019 12:01 pm,"Bauer, H",9783110167191,Measure and Integration Theory
5/1/2019 12:01 pm,"Mccaslin, N",9780205451166,Creative Drama In The Classroom & Beyond 8E
5/1/2019 12:01 pm,"Lippman, S",9780321714114,C++ Primer 5E
5/1/2019 12:01 pm,"Griffiths, D",9780321856562,Intro To Electrodynamics 4E
5/1/2019 12:01 pm,"Prather, E",9780321820464,Lecture - Tutorials Intro Astronomy 3E
5/1/2019 11:02 am,Horstmann,9780134694726,Core Java SE 9 for the Impatient 2E
5/1/2019 11:02 am,Ganbar,9780321984128,Nuke 101
5/1/2019 11:02 am,"Lander, J",9780134546926,R For Everyone 2E
5/1/2019 11:01 am,"Nye, J",9780134403168,Understanding Global Conflict & Cooperation 10E
5/1/2019 11:01 am,"Gregoire, M",9780134038940,Foodservice Organizations 9E
5/1/2019 11:01 am,"Ramage, N",9780205988952,Roman Art 6E
5/1/2019 11:01 am,"Bennett, J",9780321914620,Using & Understanding Mathematics Bk Only
5/1/2019 11:01 am,"Venn, J",9780133400021,Assess Students W/ Spec Needs 5E W/Access Pkg
5/1/2019 11:01 am,"Robin, R",9780205944712,Golosa Bk 2 5E W/ Student Manual Pkg
5/1/2019 11:01 am,"Marien, M",9780205988945,Photography: Cultural History 4E
5/1/2019 11:01 am,"Luzzo, D",9780131712775,Making Career Decisions That Count 3E Wkbk
5/1/2019 11:01 am,"Carter, N",9780205608362,What Every Teacher Should Know About Adaptations...
5/1/2019 11:01 am,"Benedetti, R",9780205375752,Creative Postproduction
5/1/2019 11:01 am,"Damrosch, D",9780205625932,Longman Anth Of World Lit 2E V1 (Abc) 3 Vol Set
5/1/2019 11:01 am,"Huang, Y",9780131424739,Pavement Analysis & Design 2E
5/1/2019 11:01 am,"Lijphart, A",9780300172027,Patterns Of Democracy
5/1/2019 11:01 am,"Strunk, W",9780205313426,Elements Of Style W/Index 4E
5/1/2019 11:01 am,"Niane, D T",9781405849425,Sundiata: Epic Of Old Mali 2E Rev
5/1/2019 11:01 am,"Fox, A",9780205794263,Latinoamerica 4E
4/30/2019 4:01 pm,"Cho, C",9780824824990,Korean Reader for Chinese Characters
4/30/2019 2:01 pm,"Wiggins, G",9780131950849,Understanding By Design Expanded 2E
4/30/2019 1:01 pm,Barker,9780134386577,Photoshop Tricks For Designers
4/30/2019 12:01 pm,"Simon, E",9780134287744,Biology : The Core 2E (LL)
4/29/2019 3:01 pm,"Wallace, D",9780316925280,A Supposedly Fun Thing I'll Never Do Again
4/29/2019 3:01 pm,"Saccio, P",9780195123197,Shakespeare's English Kings
4/29/2019 3:01 pm,"Nakamura, L",9780816646135,Digitizing Race
4/29/2019 2:01 pm,"Robert, D",9780631236207,Christian Mission
4/26/2019 5:02 pm,"Davis, M",9781684033348,Relaxation and Stress Reduction Workbook 7e
4/26/2019 5:02 pm,Cengage. C,9780357700037,Cengage Unlimited (4 Month Access)
4/26/2019 5:01 pm,"Cunningham, L",9781337296724,Culture & Values Vol 1 & 2 9E
4/26/2019 5:01 pm,"Tapper, J",9781935099338,Solving For Why
4/26/2019 5:01 pm,CUNNINGHAM,9781305958104,Culture and Values 9E
4/26/2019 5:01 pm,"Cunningham, L",9781285458182,Culture & Values 8E Vol 1
4/26/2019 5:01 pm,"Cunningham, L",9781337301237,Culture & Values 8E 3-Hole Byu Custom
4/26/2019 5:01 pm,"Ladefoged, P",9781285463407,Course In Phonetics 7E
4/26/2019 5:01 pm,"Neagles, J",9780916489557,Us Military Records : Gde To Fed & State Sources
4/26/2019 5:01 pm,Board Cert Genealogists,9781630260187,Genealogy Standards: 50Th Anniversary Ed
4/26/2019 5:01 pm,"Hauser, B",9781439163306,New Kids
4/26/2019 5:01 pm,"Godin, S",9780684856360,Permission Marketing
4/26/2019 5:01 pm,Dudziak,9780691152431,Cold War Civil Rights (New Preface)
4/26/2019 5:01 pm,"Landsburg, S",9781451651737,Armchair Economist Rev Ed
4/26/2019 5:01 pm,"Maathai, W",9780307275202,Unbowed (Vintage)
4/26/2019 5:01 pm,"Mccullough, D",9780671207144,JOHNSTOWN FLOOD
4/26/2019 5:01 pm,"Goodwin, D",9780684847955,Wait Till Next Year
4/26/2019 5:01 pm,"Destler, I M",9780881323825,American Trade Politics 4E
4/26/2019 5:01 pm,"Clifford, K",9780916489816,Becoming An Accredited Genealogist
4/26/2019 5:01 pm,"Hemingway, E",9780684822761,In Our Time
4/26/2019 5:01 pm,"Cohen, M",9780691008240,Autobiography 17Th Century Venetian Rabbi (Cohen)
4/26/2019 5:01 pm,"Ryskamp, G",9780806315171,Finding Your Hispanic Roots #5057
4/26/2019 5:00 pm,"Hughes, T",9780486411811,Finite Element Method
4/26/2019 5:00 pm,"Linklater, K",9780896762503,Freeing The Natural Voice
4/26/2019 4:01 pm,Baumeister,9781337572378,Bundle:Social Psych And Human Natue W/Mindtap 2017
4/26/2019 4:01 pm,"Serway, R",9781285737027,College Physics 10E
4/26/2019 4:01 pm,"Draine, B",9780691122144,Physics Of The Interstellar & Intergalactic Medium
4/26/2019 4:01 pm,"Figiel, S",9781885030276,Where We Once Belonged
4/26/2019 4:01 pm,"Angrist, J",9780691120355,Mostly Harmless Econometrics
4/26/2019 4:01 pm,"Cuno, J",9780691154435,Whose Culture?
4/26/2019 4:01 pm,"Putnam, R",9780691037387,Making Democracy Work
4/26/2019 4:01 pm,"Einsohn, A",9780520271562,Copyeditor's Handbk: Exercises & Answer Keys 3E
4/26/2019 4:01 pm,"Palmer, S",9780842523509,Religions Of The World
4/26/2019 3:00 pm,"Nabokov, V",9780679723394,"Speak, Memory"
4/26/2019 2:00 pm,"Rousseau, J",9781591021117,Emile
4/26/2019 2:00 pm,"Chadwick, H",9780140231991,The Early Church
4/26/2019 1:00 pm,"Jenkins, H",9780814742952,Convergence Culture: Where Old and New Media Collide
4/26/2019 1:00 pm,"Edinger, E",9780812690095,Anatomy of the Psyche: Alchemical Symbolism in Psychotherapy
4/26/2019 12:01 pm,"Hill, R",9781945547393,Finding Family
4/26/2019 12:01 pm,"Theoharis, J",9780807075876,A More Beautiful and Terrible History
4/26/2019 12:01 pm,Openstax,9781938168000,College Physics
4/26/2019 12:01 pm,"Williams, T",9780811214049,Glass Menagerie
4/26/2019 12:01 pm,"Acemoglu, D",9780307719225,Why Nations Fail
4/26/2019 12:01 pm,Nestle-Aland,9781619700307,Novum Testamentum Graece 2E
4/26/2019 12:01 pm,"Paine, T",9780486296029,Common Sense
4/26/2019 11:02 am,Arbinger Institute,9781523097807,Leadership and Self-Deception 3e
4/26/2019 11:02 am,"Garcia, C",9781945157752,Population-Based Public Health
4/26/2019 11:02 am,"Coughter, P",9780230120518,The Art Of The Pitch
4/26/2019 11:02 am,McChesney,9781451627060,The 4 Disciplines of Execution
4/26/2019 11:02 am,"Mukherjee, S",9781432837815,The Gene: An Intimate History
4/26/2019 11:02 am,"Fediw, K",9781604695571,Manual of Interior Plantscaping
4/26/2019 11:02 am,"Engleke, M",9780691178783,How to Think Like an Anthropologist
4/26/2019 11:01 am,Matthes,9781593276034,Python Crash Course
4/26/2019 11:01 am,"Halligan, F",9780240823751,Filmcraft
4/26/2019 11:01 am,"Bringhurst, R",9780881792126,Elements Of Typographic Style Version 4.0
4/26/2019 11:01 am,"Angrist, J",9780691152844,Mastering Metrics
4/26/2019 11:01 am,"Vanpelt, P",9780786855544,Imagineering Workout
4/26/2019 11:01 am,"Coward, H",9780889204355,Readings In Eastern Religions
4/26/2019 11:01 am,"Farlow, S",9780486676203,Partial Diff Equations Sci & Eng
4/26/2019 11:01 am,"D'alleva, A",9781856698993,Methods & Theories Of Art History 2E
4/26/2019 10:01 am,"Alajaji, S",9780253017611,Music and the Armenian Diaspora PB
4/26/2019 10:01 am,"Bowman, W",9781605356181,Ecology Hb W/Access Code 4E
4/26/2019 10:01 am,Schimel,9780199760244,Writing Science (Pb)
4/26/2019 10:01 am,"Zyman, S",9780887309830,End Of Marketing As We Know It
4/26/2019 10:01 am,"Wade, B",9780199844869,Thinking Musically 3E W/2 Cds
4/26/2019 10:01 am,"Davis, M",9781572245495,Relaxation & Stress Reduction Wkbk 6E
4/26/2019 10:01 am,"Barnouw, E",9780195078985,Documentary: History Of Non Fiction Film 2E
4/26/2019 10:01 am,"Ayoub, M",9781851683505,Islam: Faith & History
4/26/2019 10:01 am,Osborne,9780195128956,Intro To Game Theory
4/26/2019 9:02 am,"Von Sivers, P",9780190697327,Patterns of World History 3E V2
4/26/2019 9:02 am,"Wells, C",9780190203627,Civic Organization and the Digital Citizen
4/26/2019 9:02 am,"Bowman, W",9781605356983,Ecology Ebook Thru Redshelf Only 4E
4/26/2019 9:02 am,"Bowman, W",9781605356198,Ecology 3-Hole W/Access 4E
4/26/2019 9:02 am,"Berry, J",9780190498467,Outrage Industry
4/26/2019 9:02 am,Thury,9780190262983,Introduction To Mythology
4/26/2019 9:01 am,"Covey, S",9780743272452,7 Habits Of Highly Effective People
4/26/2019 9:01 am,"Hille, B",9780878933211,Ion Channels Of Excitable Membranes 3E
4/26/2019 9:00 am,"Greer, A",9780195309348,Mohawk Saint: Catherine Tekakwitha & The Jesuits
4/26/2019 9:00 am,"Mas-Colell, A",9780195073409,Microeconomic Theory
4/25/2019 6:02 pm,Munroe,9781401309541,How Not To Make A Short Film (P)
4/25/2019 6:02 pm,"Weightman, S",9781444106831,Complete Hindi (W/ Audio Support)
4/25/2019 6:01 pm,"Dalton, S",9781607741701,2-Hour Job Search
4/25/2019 6:01 pm,Okrent,9780812980899,In The Land Of Invented Languages
4/25/2019 6:01 pm,"Devaney, R",9780201554069,First Course In Chaotic Dynamical Systems: Th
4/25/2019 6:01 pm,Lumet Sidney,9780679756606,Making Movies
4/25/2019 6:01 pm,"Moody, A",9780440314882,Coming Of Age In Mississippi
4/25/2019 6:01 pm,"Wharton, E",9780140189704,Age Of Innocence
4/25/2019 6:01 pm,"Harr, J",9780679772675,Civil Action
4/25/2019 6:01 pm,"Shaara, M",9780345407276,Killer Angels (Large Format)
4/25/2019 6:01 pm,"Mandela, N",9780316548182,Long Walk To Freedom
4/25/2019 6:01 pm,"Mcewan, I",9780385721790,Atonement
4/25/2019 6:01 pm,Malcolm X,9780345350688,Autobiography Of Malcolm X (Haley)
4/25/2019 6:01 pm,"Forster, E",9780141183299,A Room With A View
4/25/2019 6:01 pm,"Ondaatje, M",9780375724374,Anil's Ghost
4/25/2019 6:01 pm,"More, T",9780140449105,Utopia
4/25/2019 6:01 pm,"Mccullers, C",9780679424741,Heart Is A Lonely Hunter
4/25/2019 6:01 pm,Dante,9780553213447,Purgatorio (Mandelbaum)
4/25/2019 6:01 pm,Dante - Bantam,9780553213393,Inferno (Mandelbaum)
4/25/2019 6:00 pm,"Brittain, V",9780143039235,Testament Of Youth
4/25/2019 6:00 pm,Dante - Bantam,9780553212044,Paradiso (Mandelbaum)
4/25/2019 6:00 pm,"Montaigne, M",9780140446029,Essays: A Selection
4/25/2019 6:00 pm,"Kristof, N",9780307387097,Half The Sky: Turning Oppression Into Opportunity
4/25/2019 5:02 pm,Brown,9781337100298,Basic Marketing Research w/access 9e
4/25/2019 5:02 pm,Frompkin,9781337559577,An Introduction to Language 11E
4/25/2019 5:02 pm,"Cuddon, J",9780141047157,Penguin Dictionary of Literary Terms and Literary Theory
4/25/2019 5:02 pm,"Peterson, D",9780143126461,Art Of Language Invention
4/25/2019 5:02 pm,"Mankiw, G",9781337607636,Aplia + Prin Of Econ 3-Hole Pkg 8E
4/25/2019 5:02 pm,"Schwartz, J",9781592408405,Oddly Normal
4/25/2019 5:02 pm,"Boaler, J",9780143128298,What's Math Got To Do With It? Revised Ed
4/25/2019 5:02 pm,Exam Gloves Sm,9786757462155,Exam Gloves (Small) 69932045202
4/25/2019 5:01 pm,"Stack, C",9780061319822,All Our Kin: Strategies Survival In Black Community
4/25/2019 5:01 pm,"Songling, P",9780140447408,Strange Tales From A Chinese Studio
4/25/2019 5:01 pm,"Sharf, R",9781285075440,Applying Career Dev Theory To Counseling 6E
4/25/2019 5:01 pm,Roberts,9780679735656,"Race Beat: Press, Civil Rights Struggle"
4/25/2019 5:01 pm,"Kaplan, R",9780812979206,Monsoon
4/25/2019 5:01 pm,"Hawker, Y",9780974950013,Make-Up Designory's Beauty Make-Up
4/25/2019 5:01 pm,"Glaeser, E",9780143120544,Triumph Of The City
4/25/2019 5:01 pm,"Chekhov, A",9780140447330,Plays
4/25/2019 5:01 pm,"Rousseau, J",9780140442014,Social Contract
4/25/2019 5:01 pm,Aeschylus,9780140441123,Prometheus Bound & Other Plays
4/25/2019 5:01 pm,"Olmert, M",9780895990303,Smithsonian Book Of Books (2003 Reissue)
4/25/2019 5:01 pm,"Cather, W",9780140187649,My Antonia
4/25/2019 5:01 pm,"Musa, M",9780142437544,Portable Dante (Musa)
4/25/2019 5:01 pm,Euripides - Penguin,9780140449297,Medea & Other Plays (Davie)
4/25/2019 5:01 pm,"Rediker, M",9780807050255,Villains Of All Nations
4/25/2019 5:01 pm,"Hunter, N",9781418063030,Art Of Floral Design 3E
4/25/2019 5:00 pm,Index Cards,9786717560020,Lined 5 X 8 Index Cards 100/Pk 08754747250
4/25/2019 5:00 pm,Sophocles,9780140444254,Three Theban Plays (Fagles)
4/25/2019 5:00 pm,"Von Eschenbach, W",9780140443615,Parzival (Hatto)
4/25/2019 4:00 pm,Levine,9781934759851,Hollywood From Below The Line
4/25/2019 4:00 pm,Shorter,9781847973849,Designing For Screen
4/25/2019 4:00 pm,"Donaldson, M",9781616320447,Aba's Legal Gde To Independent Filmmaking
4/25/2019 4:00 pm,Shapiro,9780997304206,Television
4/24/2019 5:04 pm,- None -,9786717568521,- None -
4/24/2019 5:04 pm,Exam Gloves M,9786757462148,Exam Gloves (Medium) 69932045203
4/24/2019 5:03 pm,Exam Gloves XL,9786757462124,Exam Gloves (Extra Large) 69932045205
4/23/2019 6:02 pm,HEWARD,9780132893046,EXCEPTIONAL CHILDREN
4/23/2019 11:02 am,"Michaelis, D",9780700304455,PACKET CHEM 351 Organic Chemistry Course Notes
4/23/2019 11:02 am,"Patten, E",9780700301836,PACKET NDFS 458 Management in Dietetics
4/23/2019 11:02 am,"Williams, DP",9780700371594,PACKET NDFS 290 Readings
4/23/2019 10:02 am,"Taylor, B",9780700373291,PACKET NDFS 462 Supplemental Readings and Lectures
4/22/2019 5:02 pm,"Williams, DP",9780700367900,PACKET NDFS 440 Nutrition Education and Counseling
4/22/2019 5:02 pm,"Bellini, S",9780700380350,PACKET Internship Application Preparation
4/22/2019 4:02 pm,"Steele, F",9780700303762,PACKET NDFS 361 Course Notes
4/22/2019 4:02 pm,"Pike, O",9780700378692,PACKET NDFS 250 PowerPoints
4/22/2019 4:02 pm,"Richards, R",9780700376810,PACKET NDFS 400 Community Nutrition
4/22/2019 4:02 pm,NDFS 100,9780700371600,PACKET NDFS 100 Essentials of Human Nutrition
4/22/2019 4:02 pm,"Dunn, M",9780700379590,PACKET Essentials of Food Science Laboratory Manual
4/22/2019 4:02 pm,"Hancock, C",9780700375813,PACKET Study Guide for NDFS 310
4/22/2019 3:02 pm,"deBenedette, L",9780700303717,PACKET RUSS 101 Homework Assignments Units 1-5
4/22/2019 3:02 pm,"deBenedette, L",9780700303700,PACKET RUSS 101 Classroom Activities Units 1-5
4/22/2019 3:02 pm,"Baker, M",9780700303250,PACKET ELANG 350 Basic Editing Skills
4/22/2019 3:02 pm,"Durrenmatt, F",9780700302253,PACKET Der Richter und Sein Henker
4/22/2019 3:02 pm,LATIN Dept,9780700310784,PACKET LATIN 201 Coursework
4/22/2019 2:02 pm,"Hotchkiss, R",9780700302314,PACKET CE EN 332 Materials
4/22/2019 2:02 pm,"Saunela, M",9780700302048,PACKET Harjoitus Tekee Mestarin 2
4/17/2019 9:02 am,Scriptures,9786000111274,Scriptures (bring your own)
4/8/2019 12:02 pm,"Kandel, E",9780071390118,Principles Of Neural Science 5E
4/5/2019 1:02 pm,"Timberlake, K",9780134813509,"General, Organic, and Biological Chemistry w/Mastering Chemistry (PKG)"
4/5/2019 9:02 am,"Wilcox, D",9780205960644,Public Relations 11E
4/4/2019 2:02 pm,"Bear, M",9780781778176,Neuroscience: Exploring The Brain North Ameri
4/3/2019 2:02 pm,"Sprenger, A",9780700304424,PACKET French and Francophone Contemporary Civilization
4/3/2019 2:02 pm,"Steele, R",9780700303649,PACKET Excerpts from La civilisation francaise en evolution I
4/3/2019 2:02 pm,"Christensen, R",9780700379392,PACKET POLI 200 Political Inquiry
4/3/2019 1:02 pm,"Klein, I",9780700304332,PACKET ITAL 322 dispense universitarie  per il corso
4/3/2019 1:02 pm,"Noble, C",9780700364299,PACKET Dove 'L Si Sona
4/3/2019 11:02 am,"Sansom, R",9780700301508,PACKET Chemistry 105
4/3/2019 11:02 am,"Mcmurray, J",9780700300402,PACKET ECON 378 Lecture Notes
4/3/2019 11:02 am,"McMurray, J",9780700300211,PACKET ECON 378 Project and Homework Description
4/3/2019 11:02 am,"McMurray, J",9780700378760,PACKET ECON 378 Textbook Excerpts
4/3/2019 10:02 am,"Christenson, A",9780700304073,PACKET Art and Culture of the Victorian Age
4/3/2019 10:02 am,"Christenson, A",9780700384068,PACKET Supplementary Readings for Maya Seminar
3/29/2019 3:21 pm,Underwood,9781462513536,Social Development
3/29/2019 3:21 pm,"Kassing, G",9781492536697,History of Dance 2E
3/29/2019 3:21 pm,McCance,9780323583473,Pathophysiology 8E
3/29/2019 3:21 pm,"Mccance, K",9780323402798,Ebook Pathophysiology 8E
3/29/2019 3:21 pm,"Serrano, R",9781108439190,A Short Course in Intermediate Microeconomics w/Calculus
3/29/2019 3:21 pm,"Orizet, J",9782035947895,Anthologie de la posie franaise
3/29/2019 3:21 pm,"Harris, D",9781464175633,Solutions Manual for Quantitative Chemical Analysis 9E
3/29/2019 3:20 pm,"Clark, M",9781284160086,NASM Essentials of Personal Fitness Training
3/29/2019 3:20 pm,"Timberlake, K",9780134730684,"General, Organic, and Biological Chemistry"
3/29/2019 3:20 pm,"Timberlake, K",9780134814735,"Study Guide and Selected Solutions Manual for General, Organic, and Biological Chemistry: Structures of Life"
3/29/2019 3:20 pm,"Nechyba, T",9781305650466,Microeconomics
3/29/2019 3:20 pm,"Manning, C",9781462121496,The Fearless Mind : 5 Steps to Achieving Peak Performance
3/29/2019 3:20 pm,"Griffiths, D",9781108420419,Introduction to Electrodynamics 4E
3/29/2019 3:20 pm,Turabian,9780226430577,A Manual for Writers
3/29/2019 3:20 pm,"Julaud, J",9782754001809,L'Histoire de France Pour les Nuls
3/29/2019 3:20 pm,"Prentice, William",9781259824005,Principles of Athletic Training 16e
3/29/2019 3:20 pm,"Pollock, P",9781506305837,Essentials of Political Analysis
3/29/2019 3:19 pm,"Dew, C",9780813939445,Apostles Of Disunion 15Th Anniv Ed W/ New Afterword
3/29/2019 3:19 pm,"Saff, E",9780134689487,Fund Of Complex Analysis Eng Sci & Math 3E
3/29/2019 3:16 pm,Mcmurry,9781337780001,Organic Chemistry Supplement W/ Owlv.2 (Byu Custom)
3/29/2019 3:16 pm,"Gilbert, T",9780393647457,Smartwork W/Ebook Access For Chem: Atoms-Focused 2E
3/29/2019 3:14 pm,"Gilbert, T",9780393615203,(Pkg) Chemistry: Atoms-Focused Approach 2E W/Smartwork And E-Book
3/29/2019 3:12 pm,"Gilbert, T",9780393615197,(Pkg) Chemistry; Atoms-Focused Approach 2E W/Smartwork And Ebook (3-Hole Looseleaf)
3/29/2019 3:10 pm,"Mills, E",9780806320403,Evidence Explained 3E
3/29/2019 3:10 pm,"Nelson, D",9781319125745,Lehninger Prin Of Biochem 7E W/ Sapling Pkg
3/29/2019 3:10 pm,"Yoon, H",9788973009398,Ewha Korean 4 W/Cd
3/29/2019 3:10 pm,"Mckay, J",9781319008376,Understanding World Societies Vol 1 2E (To 1600)
3/29/2019 3:10 pm,"Manning, C",9781367289956,Fearless Mind High Performance Journal
3/29/2019 3:10 pm,"Hager, R",9780991481231,Ebook 21St Century Wellness Access
3/29/2019 3:10 pm,"Nicholson, W",9781305505797,Microeconomic Theory 12E
3/29/2019 3:10 pm,"Mason, P",9781629721811,Planted: Belief And Belonging In An Age Of Doubt
3/29/2019 3:10 pm,Sapling Learning,9781319084257,Sapling Learning For Analytical Chemistry (6 Month Access Card)
3/29/2019 3:10 pm,"Harris, D",9781464135385,Quantitative Chemical Analysis 9E
3/29/2019 3:09 pm,"Braudy, L",9780199376896,Film Theory & Criticism 8E
3/29/2019 3:09 pm,"Gilroy, A",9781626232525,Atlas Of Anatomy
3/29/2019 3:09 pm,"Adams, M",9781421416670,Best War Ever: America & WWII
3/29/2019 3:09 pm,"Wooldridge, J",9781305270107,Introductory Econometrics 6E
3/29/2019 3:09 pm,Taylor,9780323312165,Small Animal Clinical Techniques
3/29/2019 3:09 pm,"Mankiw, N",9781464182891,Macroeconomics 9E
3/29/2019 3:09 pm,"Abbott, S",9781493927111,Understanding Analysis 2E
3/29/2019 3:09 pm,"Lentz, E",9781581212211,Signing Naturally St Wkbk Units 7-12 W/2Dvds
3/29/2019 3:09 pm,"Rose, C",9780929626215,Genealogical Proof Standard 4E
3/29/2019 3:09 pm,"Ollivier, J",9781305307117,Grammaire Francaise Bound Custom Wkbk 5E
3/29/2019 3:09 pm,"Mohrig, J",9781464134227,Lab Techniques In Organic Chem 4E
3/29/2019 3:08 pm,"Slater, T",9781464140853,Investigating Astronomy 2E
3/29/2019 3:08 pm,Nctm,9780873537742,Principles To Actions
3/29/2019 3:08 pm,Corneille,9782035865977,Le Cid
3/29/2019 3:08 pm,"Rusch, D",9781305023895,Fuentes 2014 W/Ilrn 5E Byu Pkg
3/29/2019 3:08 pm,"Flaubert, G",9782035874016,Un Coeur Simple (Larousse)
3/29/2019 3:08 pm,Voltaire,9782035866011,Candide O Optimisme
3/29/2019 3:08 pm,"Jackson, A",9780415530712,Learning Through Theatre 3E
3/29/2019 3:08 pm,"Townsend, C",9780809077380,Pocahontas & The Powhatan Dilemma
3/29/2019 3:08 pm,"Supalla, S",9781581210545,Asl Lit Bird Of Different Feather & Decent Living Wkbk W/Dvd
3/29/2019 3:08 pm,"Mcginnis, P",9780736079662,Biomechanics Of Sport & Exercise 3E
3/29/2019 3:08 pm,Cristiano,9780764137327,Storyboard Design Course
3/29/2019 3:08 pm,"Smolenyak, M",9780143118916,Who Do You Think You Are?
3/29/2019 3:08 pm,"Best, J",9780520274709,Damned Lies & Statistics Updated Ed
3/29/2019 3:07 pm,"Lane, H",9780915035632,Journey Into The Deaf World 2E
3/29/2019 3:07 pm,"Strunk, W",9780205309023,Elements Of Style 4E
3/29/2019 3:07 pm,Church,9786710511548,The Book Of Mormon (30923)
3/29/2019 3:07 pm,"Boal, A",9780415267083,Games For Actors & Non Actors 2E
3/29/2019 3:07 pm,"Baumeister, R",9780143122234,Willpower: Rediscovering The Greatest Human S
3/29/2019 3:07 pm,"Goscinny, R",9782012101371,Le Tour De Gaule D'asterix (Hachette #5)
3/29/2019 3:07 pm,"Christofferson, J",9780867186475,Estimating W/ Microsoft Excel 3E  #00266
3/29/2019 3:07 pm,Irem,9781572031678,Principles Of Real Estate Management 16E
3/29/2019 3:06 pm,"Howard, D",9780312119089,Tools Of Screenwriting
3/29/2019 3:06 pm,"Thompson, C",9781285154121,Mais Oui Enhanced 3-H Byu Pkg 5E W/Ilrn Access
3/29/2019 3:06 pm,Readers Digest,9781606522080,New Complete Guide To Sewing Updtd Ed
3/29/2019 3:06 pm,"Zinsser, W",9780060891541,On Writing Well - 30Th Anniv Ed
3/29/2019 3:06 pm,Mymathlab,9780321199911,Mymathlab Stand Alone Access - No Return If Opened
3/29/2019 3:06 pm,"Bronson, T",9780738041759,Organic Chem Lab Notebook Custom
3/29/2019 3:05 pm,"Wackerly, D",9780495110811,Mathematical Statistics W/ Applications 7E
3/29/2019 3:05 pm,"Venema, G",9780136020585,Foundations Of Geometry 2E
3/29/2019 3:05 pm,Moliere,9782035859174,Le Tartuffe Ou L'lmposteur (Larousse Petits Classiques)
3/29/2019 3:05 pm,"Adorni, S",9780934034401,English Grammar For Students Of Italian 3E
3/29/2019 3:05 pm,"Browning, C",9780060995065,Ordinary Men
3/29/2019 3:05 pm,"Nelson, G",9786747442532,Aristotle Effects Kit (N285a) & Breaking Learning Barrier
3/29/2019 3:05 pm,"Liu, Y",9780887276927,Integrated Chinese Level 2 Pt 2 Wkbk Simp & Trad 3E
3/29/2019 3:05 pm,"Liu, Y",9780887276880,Integrated Chinese Level 2 Pt 2 Simp & Trad 3E
3/29/2019 3:05 pm,"Liu, Y",9780887276835,Integrated Chinese: Simp & Trad Level 2 Pt 1 3E Rev Wkbk
3/29/2019 3:05 pm,"Liu, Y",9780887276798,Integrated Chinese: Simp & Trad Level 2 Pt 1 3E Rev
3/29/2019 3:04 pm,"Edgington, M",9780842525596,Am Social Dance Syl & Prog Chart (Rev Blue Cover Only)
3/29/2019 3:03 pm,"Watkins, C",9780547549446,American Heritage Dict Of Indoeuropean 3E
3/29/2019 3:03 pm,"Stein, M",9780807749579,Implementing Standards Based Math Instr 2E
3/29/2019 3:03 pm,"Arnold, J",9780192853523,History: A Very Short Intro
3/29/2019 3:03 pm,"Harris, D",9781429275033,Exploring Chemical Analysis 5E
3/29/2019 3:03 pm,Herodotus - Penguin,9780140449082,Histories (Selincourt) Rev Ed
3/29/2019 3:03 pm,"Grant, G",9780486218434,Tech Manual & Dict Classic Ballet 3E Rev
3/29/2019 3:02 pm,"Smith, C",9781581212105,Signing Naturally St Wkbk Units 1-6 W/2 Dvds
3/29/2019 3:02 pm,"Mikos, K",9781581211351,Signing Naturally Level 3 Wkbk W/Dvd
3/29/2019 3:02 pm,"Lentz, E",9781581211313,Signing Naturally Level 2 Wkbk W/ Dvd
3/29/2019 3:02 pm,"Spolin, V",9780810140080,Improvisation For Theater 3E
3/29/2019 3:02 pm,"West, C",9780757590238,Dance Fundamentals Higher Education 2E WB
3/29/2019 3:02 pm,"Nomeland, M",9780786463978,Deaf Community In America: History In Making
3/29/2019 3:02 pm,"Lin, M",9780471283904,Drawing & Designing W/ Confidence
3/29/2019 2:03 pm,"Haines, D",9781496384164,Neuroanatomy Atlas in Clinical Context 10E
3/29/2019 2:03 pm,Hunt R W G,9781119975373,Measuring Colour
3/29/2019 2:03 pm,"Boyce, W",9781119447535,Elem Diff Equations (LL) PKG 11e MATH 334
3/29/2019 2:02 pm,Boaler,9780470894521,Mathematical Mindsets
3/29/2019 2:02 pm,"Schuenke, M",9781604069228,General Anatomy And Musculoskeletal System 2E
3/29/2019 2:02 pm,Hitt + Dyer,9781119190929,Organizational Effectiveness w/2 Access Codes Pkg (Custom)
3/29/2019 2:02 pm,"Young, P",9781451173291,Basic Clinical Neuroscience 3E
3/29/2019 2:02 pm,"Hagen, U",9780470228487,Respect For Acting
3/29/2019 2:02 pm,"Salmon, M",9780807842447,Women & Law Of Property Early America
3/13/2019 4:02 pm,"Petelo, E",9780700377169,PACKET FREN 321 - Advanced French Part 1
3/13/2019 3:02 pm,"Kunej, C",9780700302185,PACKET Serbian / Croatian: Advanced Language and Culture
3/13/2019 3:02 pm,"Knell, E",9780700375356,PACKET FLANG 300 Readings
3/13/2019 3:02 pm,"Goldoni, C",9780700370740,PACKET La Locandiera
3/13/2019 3:02 pm,"Klein, I",9780700380381,PACKET Esercizi di Lettura
3/13/2019 3:02 pm,"Petelo, E",9780700376872,PACKET FREN 322 - Advanced French Part 2
3/13/2019 12:02 pm,"Merrill, R",9780700378579,PACKET SFL 393R Specialty Techniques and Heirloom Sewing
3/13/2019 12:02 pm,"Klein, I",9780700375721,PACKET Excerpts from Schede di Lavoro Vol 2
3/13/2019 11:02 am,"Rose, C",9780700304394,PACKET FREN 378 - TBA
3/13/2019 11:02 am,"Parkin, J",9780700372263,PACKET TMA 241 Readings
3/13/2019 10:02 am,"Rose, C",9780700304387,PACKET FREN 377 / 490R / 690R - TBA
3/13/2019 9:02 am,"Williams, S",9780700304165,PACKET ARTHC 201 Workbook
3/11/2019 1:05 pm,"Westover, P",9780700304356,PACKET Readings in Romanticism and Memory
3/11/2019 1:05 pm,"Davis, C",9780700302871,PACKET PHSCS 105 Homework
3/11/2019 1:04 pm,"Brown, M",9780700301973,PACKET Human Anatomy Lecture Guide
3/11/2019 1:03 pm,"Brown, M",9780700301911,PACKET Intro to Human Anatomy ( Lab Manual / Online Textbook )
3/11/2019 1:02 pm,PDBIO Dept,9780700375004,PACKET Advanced Physiology Laboratory w/ CD
3/11/2019 1:02 pm,"Merrill, R",9780700390908,PACKET SFL 185R Syllabus with Patterns
3/11/2019 1:02 pm,"Reynolds, P",9780700371952,PACKET PDBIO 325 Lab Manual
3/11/2019 1:02 pm,"Bronson, T",9780700371686,PACKET Spectroscopy CHEM 353/354/355
3/11/2019 1:02 pm,"Caswell, J",9780700348084,PACKET Bulgarian Literature
3/11/2019 1:02 pm,"Emmett, C",9780700399277,PACKET Indonesian 330 Readings
3/11/2019 12:02 pm,"Bergman, J",9780700303656,PACKET BYU Trumpets
3/11/2019 12:02 pm,"Brown, M",9780700301683,PACKET NEURO 480 Lecture Notes
3/11/2019 12:02 pm,"Brown, M",9780700301676,PACKET NEURO 360 Lecture Notes
3/11/2019 12:02 pm,"Taylor, S",9780700392308,PACKET Jewel of the Desert
3/11/2019 12:01 pm,"Robinson, L",9780700373444,PACKET Clinic Resources for Assessment and Treatment
3/11/2019 11:02 am,"McCoy, S",9780700303915,PACKET Folk Dance for Children
3/11/2019 11:02 am,"Roper, M",9780700303885,PACKET DANCE 354 Dance and Identity
3/11/2019 11:02 am,"Vehrs, P",9780700303809,PACKET An Introduction to ECGs
3/11/2019 11:02 am,"Austin, E",9780700300976,PACKET World Dance Course Materials
3/11/2019 11:02 am,"Tuia, K",9780700369089,PACKET Ethnic Dance Beginning - POLYNESIAN
3/11/2019 11:01 am,"Berrett, M",9780700367375,PACKET Creative Section Resources
3/11/2019 11:01 am,"Tuia, K",9780700375936,PACKET Ethnic Dance Technique 1 - Polynesian
3/11/2019 11:01 am,"Wakamatsu, K",9780700375608,PACKET DANCE 276R Course Materials
3/11/2019 10:02 am,"White, T",9780700302772,PACKET DANCE 264 Materials
3/11/2019 10:02 am,"Toler, A",9780700374663,PACKET ARTED 326 Supplemental Handouts
3/11/2019 10:02 am,"Farnsworth, P",9780700398331,PACKET CHEM 113 Intro General Chemistry Laboratory
2/19/2019 2:02 pm,"Mills, E",9780806318677,Quicksheet: Citing Ancestry 2E
2/17/2019 1:03 pm,"Cobbs, E",9781305585300,Major Problems In American Hist Vol 2 4E
2/17/2019 1:03 pm,"Hansen, V",9780393973747,Open Empire: A History Of China Through 1600
